{"stats":{"minecraft:dropped":{"alexsmobs:maggot":1},"minecraft:killed":{"alexsmobs:raccoon":1,"minecraft:chicken":1,"born_in_chaos_v1:baby_skkl":1},"minecraft:mined":{"minecraft:crafting_table":2,"minecraft:grass_block":7,"minecraft:rose_bush":1,"minecraft:hay_block":5,"minecraft:furnace":1,"minecraft:birch_log":7,"minecraft:wheat":4,"minecraft:gray_bed":1,"minecraft:birch_leaves":1,"minecraft:grass":2,"minecraft:oak_log":15,"minecraft:lantern":1,"minecraft:dirt":15,"minecraft:stone":63,"minecraft:oak_leaves":14},"minecraft:used":{"minecraft:rose_bush":1,"minecraft:birch_planks":5,"minecraft:stone_pickaxe":61,"minecraft:spruce_planks":1,"minecraft:wooden_pickaxe":6,"minecraft:cooked_chicken":1,"minecraft:dirt":18,"minecraft:crafting_table":2,"minecraft:lantern":1,"minecraft:bread":3,"carryon:entity_item":7,"minecraft:stone_bricks":1,"minecraft:stone_axe":37,"minecraft:furnace":1,"minecraft:egg":4},"minecraft:killed_by":{"minecraft:skeleton":1,"minecraft:creeper":1},"minecraft:custom":{"minecraft:interact_with_furnace":2,"minecraft:mob_kills":3,"minecraft:interact_with_crafting_table":5,"minecraft:open_barrel":11,"minecraft:play_one_minute":32019,"minecraft:leave_game":1,"minecraft:time_since_death":24021,"minecraft:sleep_in_bed":1,"minecraft:climb_one_cm":194,"minecraft:time_since_rest":0,"minecraft:sprint_one_cm":54018,"minecraft:damage_taken":885,"minecraft:walk_one_cm":96061,"minecraft:drop":1,"minecraft:damage_dealt":270,"minecraft:fly_one_cm":116210,"minecraft:open_chest":5,"minecraft:crouch_one_cm":2588,"tombstone:undead_killed":1,"minecraft:deaths":2,"minecraft:sneak_time":1377,"minecraft:walk_under_water_one_cm":114,"minecraft:jump":547,"minecraft:interact_with_blast_furnace":1,"minecraft:walk_on_water_one_cm":4005,"minecraft:fall_one_cm":12680,"minecraft:horse_one_cm":48252},"minecraft:crafted":{"minecraft:crafting_table":1,"minecraft:wooden_pickaxe":1,"minecraft:cooked_chicken":1,"minecraft:furnace":1,"minecraft:birch_planks":28,"minecraft:stone_axe":1,"minecraft:air":0,"minecraft:charcoal":1,"minecraft:stick":8,"minecraft:stone_pickaxe":1,"minecraft:wheat":36},"minecraft:picked_up":{"minecraft:birch_log":7,"minecraft:crafting_table":2,"minecraft:wheat":125,"minecraft:feather":1,"minecraft:chicken":1,"minecraft:andesite":1,"minecraft:brown_mushroom":4,"minecraft:oak_log":15,"minecraft:dirt":22,"minecraft:paper":1,"minecraft:lantern":1,"minecraft:bone":3,"minecraft:stone_bricks":1,"minecraft:wheat_seeds":326,"minecraft:spruce_planks":1,"minecraft:rose_bush":1,"born_in_chaos_v1:gnawed_bones":1,"minecraft:iron_nugget":8,"alexsmobs:raccoon_tail":1,"minecraft:spruce_slab":2,"minecraft:gray_bed":1,"minecraft:egg":1,"minecraft:furnace":1,"tombstone:grave_dust":1,"minecraft:mossy_cobblestone":1,"born_in_chaos_v1:fire_dust":1,"minecraft:shears":1,"minecraft:hay_block":4,"minecraft:gold_ingot":2,"alexsmobs:maggot":1,"minecraft:cobblestone":64}},"DataVersion":2586}