{"stats":{"minecraft:dropped":{"alexsmobs:maggot":1,"minecraft:brown_mushroom":4,"minecraft:wheat_seeds":5,"minecraft:feather":1,"minecraft:paper":1},"minecraft:killed":{"alexsmobs:raccoon":1,"born_in_chaos_v1:decrepit_skeleton":1,"minecraft:chicken":1,"born_in_chaos_v1:baby_skkl":1},"minecraft:mined":{"tconstruct:sky_sky_slime_grass":2,"minecraft:crafting_table":3,"minecraft:grass_block":95,"minecraft:rose_bush":1,"minecraft:tall_grass":3,"minecraft:hay_block":5,"tconstruct:sky_slime_leaves":3,"minecraft:furnace":2,"minecraft:birch_log":7,"minecraft:wheat":4,"minecraft:gray_bed":1,"minecraft:birch_leaves":1,"tconstruct:skyroot_log":13,"minecraft:grass":16,"minecraft:oak_log":15,"minecraft:lantern":1,"minecraft:dirt":35,"minecraft:stone":63,"tconstruct:earth_congealed_slime":12,"minecraft:oak_leaves":14,"tconstruct:sky_congealed_slime":4},"minecraft:used":{"minecraft:rose_bush":1,"minecraft:birch_planks":5,"minecraft:stone_shovel":118,"minecraft:stone_pickaxe":62,"minecraft:spruce_planks":1,"minecraft:wooden_pickaxe":6,"minecraft:cooked_chicken":1,"minecraft:torch":1,"minecraft:dirt":103,"minecraft:crafting_table":4,"minecraft:lantern":1,"minecraft:bread":13,"carryon:entity_item":9,"minecraft:stone_bricks":1,"minecraft:stone_axe":69,"minecraft:furnace":2,"minecraft:egg":4},"minecraft:killed_by":{"minecraft:skeleton":1,"minecraft:creeper":1},"minecraft:custom":{"minecraft:interact_with_furnace":3,"minecraft:mob_kills":4,"minecraft:interact_with_crafting_table":8,"minecraft:open_barrel":11,"minecraft:play_one_minute":48120,"minecraft:leave_game":3,"minecraft:time_since_death":40122,"minecraft:sleep_in_bed":2,"minecraft:climb_one_cm":1092,"minecraft:time_since_rest":13179,"minecraft:sprint_one_cm":71140,"minecraft:damage_taken":1335,"minecraft:walk_one_cm":149963,"minecraft:drop":12,"minecraft:damage_dealt":954,"minecraft:fly_one_cm":155285,"minecraft:open_chest":7,"minecraft:crouch_one_cm":6886,"tombstone:undead_killed":2,"minecraft:deaths":2,"minecraft:sneak_time":2182,"minecraft:walk_under_water_one_cm":114,"minecraft:jump":897,"minecraft:interact_with_blast_furnace":1,"minecraft:walk_on_water_one_cm":4177,"minecraft:interact_with_smoker":1,"minecraft:fall_one_cm":14969,"minecraft:horse_one_cm":48252},"minecraft:crafted":{"minecraft:stone_shovel":1,"minecraft:crafting_table":1,"minecraft:wooden_pickaxe":1,"minecraft:cooked_chicken":1,"minecraft:furnace":1,"minecraft:birch_planks":28,"minecraft:stone_axe":1,"minecraft:bread":56,"minecraft:air":0,"minecraft:charcoal":1,"minecraft:stick":20,"minecraft:stone_pickaxe":1,"minecraft:torch":22,"minecraft:wheat":36},"minecraft:picked_up":{"minecraft:birch_log":7,"minecraft:crafting_table":3,"minecraft:wheat":125,"minecraft:feather":1,"minecraft:chicken":1,"minecraft:andesite":1,"minecraft:brown_mushroom":4,"tconstruct:skyroot_log":12,"minecraft:oak_log":15,"minecraft:shield":1,"minecraft:dirt":127,"minecraft:paper":1,"minecraft:lantern":1,"minecraft:bone":7,"minecraft:stone_bricks":1,"minecraft:wheat_seeds":331,"minecraft:spruce_planks":1,"minecraft:rose_bush":1,"born_in_chaos_v1:gnawed_bones":1,"minecraft:iron_nugget":8,"alexsmobs:raccoon_tail":1,"minecraft:spruce_slab":2,"tconstruct:sky_slime_sapling":1,"minecraft:gray_bed":1,"minecraft:egg":1,"minecraft:furnace":2,"minecraft:acacia_log":1,"tconstruct:sky_slime_dirt":2,"tombstone:grave_dust":1,"minecraft:mossy_cobblestone":1,"tconstruct:sky_slime_ball":11,"born_in_chaos_v1:fire_dust":1,"minecraft:rotten_flesh":2,"minecraft:slime_ball":48,"minecraft:shears":1,"minecraft:hay_block":4,"minecraft:gold_ingot":2,"alexsmobs:maggot":1,"minecraft:cobblestone":64}},"DataVersion":2586}