{"stats":{"minecraft:dropped":{"alexsmobs:maggot":1},"minecraft:killed":{"minecraft:chicken":1,"alexsmobs:raccoon":1},"minecraft:mined":{"minecraft:birch_log":7,"minecraft:birch_leaves":1,"minecraft:crafting_table":1,"minecraft:grass":1,"minecraft:grass_block":7,"minecraft:oak_log":15,"minecraft:rose_bush":1,"minecraft:dirt":15,"minecraft:stone":63,"minecraft:oak_leaves":14},"minecraft:used":{"minecraft:rose_bush":1,"minecraft:stone_pickaxe":59,"carryon:entity_item":1,"minecraft:wooden_pickaxe":6,"minecraft:stone_axe":31,"minecraft:dirt":18,"minecraft:crafting_table":1,"minecraft:egg":1},"minecraft:killed_by":{"minecraft:skeleton":1,"minecraft:creeper":1},"minecraft:custom":{"minecraft:time_since_rest":11491,"minecraft:sprint_one_cm":25992,"minecraft:damage_taken":785,"minecraft:walk_one_cm":54453,"minecraft:mob_kills":2,"minecraft:drop":1,"minecraft:damage_dealt":150,"minecraft:interact_with_crafting_table":4,"minecraft:fly_one_cm":80673,"minecraft:open_barrel":1,"minecraft:open_chest":1,"minecraft:crouch_one_cm":1374,"minecraft:play_one_minute":20019,"minecraft:deaths":2,"minecraft:sneak_time":1013,"minecraft:jump":376,"minecraft:walk_on_water_one_cm":349,"minecraft:leave_game":1,"minecraft:time_since_death":12021,"minecraft:fall_one_cm":9427,"minecraft:horse_one_cm":48252},"minecraft:crafted":{"minecraft:crafting_table":1,"minecraft:stick":8,"minecraft:wooden_pickaxe":1,"minecraft:stone_pickaxe":1,"minecraft:birch_planks":28,"minecraft:stone_axe":1},"minecraft:picked_up":{"minecraft:birch_log":7,"minecraft:crafting_table":1,"minecraft:feather":1,"minecraft:chicken":1,"minecraft:andesite":1,"minecraft:brown_mushroom":4,"minecraft:oak_log":15,"minecraft:mossy_cobblestone":1,"minecraft:dirt":22,"minecraft:bone":3,"born_in_chaos_v1:fire_dust":1,"minecraft:stone_bricks":1,"minecraft:spruce_planks":1,"minecraft:rose_bush":1,"minecraft:iron_nugget":8,"born_in_chaos_v1:gnawed_bones":1,"minecraft:gold_ingot":2,"alexsmobs:maggot":1,"minecraft:spruce_slab":2,"minecraft:cobblestone":64,"minecraft:egg":1}},"DataVersion":2586}