{"stats":{"minecraft:mined":{"minecraft:birch_log":7,"minecraft:birch_leaves":1},"minecraft:killed_by":{"minecraft:skeleton":1,"minecraft:creeper":1},"minecraft:custom":{"minecraft:open_chest":1,"minecraft:time_since_rest":1,"minecraft:play_one_minute":8019,"minecraft:crouch_one_cm":152,"minecraft:sprint_one_cm":10546,"minecraft:walk_one_cm":14886,"minecraft:damage_taken":695,"minecraft:deaths":2,"minecraft:sneak_time":23,"minecraft:jump":138,"minecraft:leave_game":1,"minecraft:time_since_death":21,"minecraft:walk_on_water_one_cm":349,"minecraft:fall_one_cm":3172,"minecraft:fly_one_cm":33565,"minecraft:open_barrel":1},"minecraft:crafted":{"minecraft:birch_planks":28},"minecraft:picked_up":{"minecraft:birch_log":7,"minecraft:bone":2,"minecraft:andesite":1,"born_in_chaos_v1:fire_dust":1,"minecraft:stone_bricks":1,"minecraft:brown_mushroom":4,"minecraft:spruce_planks":1,"minecraft:gold_ingot":2,"minecraft:iron_nugget":8,"minecraft:spruce_slab":2,"minecraft:mossy_cobblestone":1,"minecraft:cobblestone":1}},"DataVersion":2586}