{"stats":{"minecraft:dropped":{"alexsmobs:maggot":2},"minecraft:killed":{"born_in_chaos_v1:restless_spirit":6,"alexsmobs:raccoon":2,"minecraft:spider":2,"born_in_chaos_v1:decrepit_skeleton":1,"minecraft:skeleton":2,"born_in_chaos_v1:decaying_zombie_n":1,"minecraft:zombie":1,"born_in_chaos_v1:dread_hound":2,"alexsmobs:fly":2,"born_in_chaos_v1:firelight_n":1},"minecraft:used":{"minecraft:stone_sword":29,"minecraft:stone_pickaxe":47,"minecraft:oak_planks":32,"minecraft:chest":1,"minecraft:spruce_planks":5,"minecraft:wooden_pickaxe":19,"minecraft:torch":3,"minecraft:dirt":6,"minecraft:crafting_table":2,"minecraft:red_bed":1,"alexsmobs:maggot":2,"minecraft:apple":1,"minecraft:bread":6,"minecraft:iron_pickaxe":19,"carryon:entity_item":1,"spartanshields:shield_basic_wood":6,"minecraft:stone_axe":165,"minecraft:cobblestone":7,"minecraft:furnace":1,"minecraft:oak_sapling":3,"tombstone:gift":1,"minecraft:potato":3,"minecraft:acacia_planks":90},"minecraft:mined":{"minecraft:acacia_leaves":6,"minecraft:spruce_planks":5,"tconstruct:sky_sky_slime_grass":14,"minecraft:red_bed":2,"tconstruct:sky_slime_vine":1,"minecraft:crafting_table":2,"minecraft:acacia_log":23,"minecraft:grass_block":5,"minecraft:chest":1,"minecraft:tall_grass":1,"tconstruct:sky_slime_leaves":20,"minecraft:iron_ore":3,"tconstruct:skyroot_log":4,"minecraft:grass":1,"minecraft:bookshelf":14,"minecraft:oak_log":47,"minecraft:coal_ore":42,"minecraft:dirt":13,"minecraft:stone":40,"tconstruct:sky_slime_dirt":1,"tconstruct:earth_congealed_slime":27,"minecraft:oak_leaves":14,"minecraft:spruce_slab":1,"tconstruct:sky_congealed_slime":20},"minecraft:killed_by":{"born_in_chaos_v1:restless_spirit":1,"vampirism:vampire":1,"born_in_chaos_v1:dread_hound":1,"minecraft:vex":2},"minecraft:custom":{"minecraft:interact_with_furnace":3,"minecraft:mob_kills":22,"minecraft:interact_with_crafting_table":11,"minecraft:open_barrel":15,"minecraft:play_one_minute":57434,"minecraft:damage_dealt_resisted":71,"minecraft:leave_game":2,"minecraft:time_since_death":26765,"minecraft:sleep_in_bed":3,"minecraft:climb_one_cm":871,"minecraft:time_since_rest":13393,"minecraft:sprint_one_cm":102211,"minecraft:damage_taken":1610,"minecraft:walk_one_cm":118610,"minecraft:damage_blocked_by_shield":335,"minecraft:drop":2,"minecraft:damage_dealt":4076,"minecraft:swim_one_cm":1738,"minecraft:talked_to_villager":1,"minecraft:fly_one_cm":239687,"minecraft:open_chest":19,"minecraft:crouch_one_cm":24763,"tombstone:undead_killed":5,"minecraft:deaths":5,"minecraft:sneak_time":7328,"minecraft:walk_under_water_one_cm":188,"minecraft:jump":1155,"minecraft:walk_on_water_one_cm":3591,"minecraft:fall_one_cm":26665},"minecraft:picked_up":{"minecraft:crafting_table":2,"minecraft:wheat":35,"tconstruct:skyroot_log":5,"minecraft:oak_log":47,"minecraft:dirt":18,"minecraft:red_bed":2,"minecraft:bone":3,"minecraft:apple":1,"vampirism:obi_belt":1,"minecraft:wheat_seeds":99,"minecraft:spruce_planks":5,"minecraft:iron_ore":3,"alexsmobs:raccoon_tail":1,"minecraft:spruce_slab":1,"tconstruct:sky_slime_sapling":4,"minecraft:chest":1,"minecraft:phantom_membrane":5,"minecraft:acacia_sapling":1,"minecraft:book":42,"minecraft:stick":2,"born_in_chaos_v1:ethereal_spirit":4,"minecraft:acacia_log":46,"tconstruct:sky_slime_dirt":14,"minecraft:spider_eye":1,"minecraft:brown_carpet":1,"tconstruct:sky_slime_ball":93,"minecraft:arrow":1,"minecraft:rotten_flesh":3,"minecraft:slime_ball":108,"werewolves:cracked_bone":1,"alexsmobs:maggot":4,"tombstone:magic_scroll":1,"minecraft:oak_sapling":7,"minecraft:coal":41,"minecraft:cobblestone":40},"minecraft:crafted":{"spartanshields:shield_basic_wood":1,"minecraft:oak_planks":188,"minecraft:crafting_table":1,"minecraft:spruce_planks":4,"minecraft:wooden_pickaxe":1,"minecraft:furnace":1,"minecraft:stone_axe":2,"tconstruct:sky_congealed_slime":2,"minecraft:bread":11,"minecraft:air":0,"minecraft:stick":16,"minecraft:iron_ingot":3,"minecraft:iron_pickaxe":1,"minecraft:stone_pickaxe":1,"minecraft:stone_sword":1,"minecraft:acacia_planks":92,"minecraft:torch":24},"minecraft:broken":{"minecraft:stone_axe":1}},"DataVersion":2586}