{"stats":{"minecraft:killed":{"minecraft:skeleton":1,"alexsmobs:fly":1},"minecraft:mined":{"minecraft:crafting_table":2,"minecraft:grass":1,"minecraft:grass_block":5,"minecraft:oak_log":17,"minecraft:dirt":11,"minecraft:tall_grass":1,"minecraft:stone":22,"minecraft:oak_leaves":6},"minecraft:used":{"alexsmobs:maggot":1,"minecraft:apple":1,"minecraft:stone_pickaxe":3,"minecraft:wooden_pickaxe":19,"minecraft:stone_axe":20,"minecraft:dirt":3,"minecraft:crafting_table":1,"minecraft:oak_sapling":3},"minecraft:custom":{"minecraft:time_since_rest":17119,"minecraft:sprint_one_cm":13020,"minecraft:damage_taken":170,"minecraft:walk_one_cm":13824,"minecraft:mob_kills":3,"minecraft:damage_dealt":300,"minecraft:swim_one_cm":605,"minecraft:interact_with_crafting_table":3,"minecraft:fly_one_cm":28362,"minecraft:crouch_one_cm":3572,"minecraft:play_one_minute":17119,"tombstone:undead_killed":1,"minecraft:sneak_time":919,"minecraft:walk_under_water_one_cm":46,"minecraft:jump":131,"minecraft:walk_on_water_one_cm":2153,"minecraft:time_since_death":17119,"minecraft:fall_one_cm":3160},"minecraft:picked_up":{"minecraft:crafting_table":2,"minecraft:stick":2,"minecraft:oak_log":17,"minecraft:dirt":16,"minecraft:apple":1,"werewolves:cracked_bone":1,"alexsmobs:maggot":1,"tombstone:magic_scroll":1,"minecraft:oak_sapling":7,"minecraft:cobblestone":22},"minecraft:crafted":{"spartanshields:shield_basic_wood":1,"minecraft:oak_planks":44,"minecraft:stick":8,"minecraft:wooden_pickaxe":1,"minecraft:stone_pickaxe":1,"minecraft:stone_sword":1,"minecraft:stone_axe":1}},"DataVersion":2586}