{"stats":{"minecraft:dropped":{"alexsmobs:maggot":2},"minecraft:killed":{"born_in_chaos_v1:restless_spirit":6,"alexsmobs:raccoon":1,"minecraft:spider":2,"born_in_chaos_v1:decrepit_skeleton":1,"minecraft:skeleton":2,"born_in_chaos_v1:decaying_zombie_n":1,"minecraft:zombie":1,"born_in_chaos_v1:dread_hound":2,"alexsmobs:fly":2,"born_in_chaos_v1:firelight_n":1},"minecraft:used":{"minecraft:stone_sword":29,"minecraft:stone_pickaxe":47,"minecraft:chest":1,"minecraft:spruce_planks":5,"minecraft:wooden_pickaxe":19,"minecraft:torch":3,"minecraft:dirt":6,"minecraft:crafting_table":1,"alexsmobs:maggot":2,"minecraft:apple":1,"minecraft:bread":3,"carryon:entity_item":1,"minecraft:stone_axe":97,"spartanshields:shield_basic_wood":6,"minecraft:cobblestone":7,"minecraft:furnace":1,"minecraft:oak_sapling":3,"tombstone:gift":1},"minecraft:mined":{"minecraft:spruce_planks":5,"minecraft:crafting_table":2,"minecraft:grass_block":5,"minecraft:chest":1,"minecraft:tall_grass":1,"minecraft:iron_ore":3,"minecraft:grass":1,"minecraft:bookshelf":8,"minecraft:oak_log":42,"minecraft:coal_ore":27,"minecraft:dirt":12,"minecraft:stone":36,"minecraft:oak_leaves":13,"minecraft:spruce_slab":1},"minecraft:killed_by":{"born_in_chaos_v1:restless_spirit":1,"vampirism:vampire":1,"born_in_chaos_v1:dread_hound":1,"minecraft:vex":2},"minecraft:custom":{"minecraft:interact_with_furnace":2,"minecraft:mob_kills":21,"minecraft:interact_with_crafting_table":5,"minecraft:open_barrel":12,"minecraft:play_one_minute":41119,"minecraft:damage_dealt_resisted":71,"minecraft:time_since_death":10450,"minecraft:sleep_in_bed":1,"minecraft:climb_one_cm":692,"minecraft:time_since_rest":6408,"minecraft:sprint_one_cm":76206,"minecraft:damage_taken":1570,"minecraft:walk_one_cm":82159,"minecraft:damage_blocked_by_shield":335,"minecraft:drop":2,"minecraft:damage_dealt":4026,"minecraft:swim_one_cm":1738,"minecraft:talked_to_villager":1,"minecraft:fly_one_cm":182697,"minecraft:open_chest":10,"minecraft:crouch_one_cm":12049,"tombstone:undead_killed":5,"minecraft:deaths":5,"minecraft:sneak_time":3224,"minecraft:walk_under_water_one_cm":148,"minecraft:jump":774,"minecraft:walk_on_water_one_cm":3478,"minecraft:fall_one_cm":18545},"minecraft:picked_up":{"minecraft:crafting_table":2,"minecraft:wheat":35,"minecraft:oak_log":42,"minecraft:dirt":17,"minecraft:bone":2,"minecraft:apple":1,"vampirism:obi_belt":1,"minecraft:wheat_seeds":99,"minecraft:spruce_planks":5,"minecraft:iron_ore":3,"minecraft:spruce_slab":1,"minecraft:chest":1,"minecraft:phantom_membrane":5,"minecraft:book":24,"minecraft:stick":2,"born_in_chaos_v1:ethereal_spirit":4,"minecraft:spider_eye":1,"minecraft:brown_carpet":1,"minecraft:arrow":1,"minecraft:rotten_flesh":3,"werewolves:cracked_bone":1,"alexsmobs:maggot":4,"tombstone:magic_scroll":1,"minecraft:oak_sapling":7,"minecraft:coal":27,"minecraft:cobblestone":36},"minecraft:crafted":{"spartanshields:shield_basic_wood":1,"minecraft:oak_planks":44,"minecraft:spruce_planks":4,"minecraft:wooden_pickaxe":1,"minecraft:furnace":1,"minecraft:stone_axe":1,"minecraft:stick":8,"minecraft:stone_pickaxe":1,"minecraft:stone_sword":1,"minecraft:torch":8},"minecraft:broken":{"minecraft:stone_axe":1}},"DataVersion":2586}