{"stats":{"minecraft:dropped":{"alexsmobs:maggot":2},"minecraft:killed":{"born_in_chaos_v1:decaying_zombie_n":1,"minecraft:skeleton":1,"minecraft:zombie":1,"born_in_chaos_v1:dread_hound":2,"born_in_chaos_v1:restless_spirit":6,"minecraft:spider":2,"alexsmobs:fly":2,"born_in_chaos_v1:firelight_n":1,"born_in_chaos_v1:decrepit_skeleton":1},"minecraft:mined":{"minecraft:spruce_planks":1,"minecraft:coal_ore":6,"minecraft:crafting_table":2,"minecraft:chest":1,"minecraft:grass":1,"minecraft:grass_block":5,"minecraft:oak_log":42,"minecraft:dirt":12,"minecraft:tall_grass":1,"minecraft:stone":22,"minecraft:oak_leaves":13,"minecraft:spruce_slab":1},"minecraft:used":{"alexsmobs:maggot":2,"minecraft:stone_sword":29,"minecraft:apple":1,"minecraft:stone_pickaxe":9,"minecraft:wooden_pickaxe":19,"minecraft:stone_axe":81,"spartanshields:shield_basic_wood":5,"minecraft:dirt":6,"minecraft:crafting_table":1,"minecraft:oak_sapling":3,"tombstone:gift":1},"minecraft:killed_by":{"born_in_chaos_v1:restless_spirit":1,"born_in_chaos_v1:dread_hound":1,"minecraft:vex":2},"minecraft:custom":{"minecraft:time_since_rest":4855,"minecraft:sprint_one_cm":40638,"minecraft:damage_taken":1340,"minecraft:walk_one_cm":47225,"minecraft:damage_blocked_by_shield":285,"minecraft:mob_kills":19,"minecraft:drop":2,"minecraft:damage_dealt":3786,"minecraft:swim_one_cm":605,"minecraft:interact_with_crafting_table":3,"minecraft:fly_one_cm":112844,"minecraft:open_barrel":2,"minecraft:open_chest":1,"minecraft:crouch_one_cm":6498,"minecraft:play_one_minute":29119,"tombstone:undead_killed":4,"minecraft:deaths":4,"minecraft:sneak_time":1929,"minecraft:walk_under_water_one_cm":46,"minecraft:damage_dealt_resisted":71,"minecraft:jump":487,"minecraft:walk_on_water_one_cm":2172,"minecraft:time_since_death":5565,"minecraft:fall_one_cm":9748},"minecraft:picked_up":{"minecraft:crafting_table":2,"minecraft:stick":2,"born_in_chaos_v1:ethereal_spirit":4,"minecraft:oak_log":42,"minecraft:spider_eye":1,"minecraft:bone":1,"minecraft:dirt":17,"minecraft:rotten_flesh":3,"minecraft:apple":1,"vampirism:obi_belt":1,"minecraft:spruce_planks":1,"minecraft:spruce_slab":1,"werewolves:cracked_bone":1,"alexsmobs:maggot":4,"tombstone:magic_scroll":1,"minecraft:oak_sapling":7,"minecraft:chest":1,"minecraft:coal":6,"minecraft:phantom_membrane":5,"minecraft:cobblestone":22},"minecraft:crafted":{"spartanshields:shield_basic_wood":1,"minecraft:oak_planks":44,"minecraft:stick":8,"minecraft:wooden_pickaxe":1,"minecraft:stone_pickaxe":1,"minecraft:stone_sword":1,"minecraft:stone_axe":1}},"DataVersion":2586}