{"stats":{"minecraft:killed":{"born_in_chaos_v1:baby_skkl":1,"minecraft:spider":1,"born_in_chaos_v1:zombieswith_door_n":1},"minecraft:mined":{"minecraft:grass":1,"minecraft:grass_block":1,"minecraft:oak_log":2,"minecraft:dirt":1,"minecraft:tall_grass":2,"minecraft:oak_leaves":1,"minecraft:spawner":1},"minecraft:used":{"minecraft:mossy_stone_bricks":1,"minecraft:apple":2,"minecraft:iron_pickaxe":6,"carryon:entity_item":1,"minecraft:stone_bricks":1,"minecraft:dirt":6,"tombstone:gift":1,"minecraft:egg":1},"minecraft:killed_by":{"born_in_chaos_v1:baby_skkl":1,"born_in_chaos_v1:restless_spirit":1,"born_in_chaos_v1:dread_hound":1,"minecraft:creeper":1,"born_in_chaos_v1:zombieswith_door_n":1,"minecraft:vex":2},"minecraft:custom":{"minecraft:time_since_rest":1941,"minecraft:damage_taken":2030,"minecraft:sprint_one_cm":75017,"minecraft:walk_one_cm":74945,"minecraft:mob_kills":3,"minecraft:damage_dealt":276,"minecraft:fly_one_cm":86461,"minecraft:open_barrel":8,"minecraft:open_chest":5,"minecraft:play_one_minute":20039,"minecraft:crouch_one_cm":37,"tombstone:undead_killed":2,"minecraft:deaths":7,"minecraft:sneak_time":37,"minecraft:walk_under_water_one_cm":144,"minecraft:jump":375,"minecraft:damage_dealt_resisted":16,"minecraft:walk_on_water_one_cm":269,"minecraft:time_since_death":3103,"minecraft:fall_one_cm":8260},"minecraft:crafted":{"minecraft:oak_planks":8},"minecraft:picked_up":{"born_in_chaos_v1:shattered_skull":1,"minecraft:oak_log":2,"iceandfire:rotten_egg":1,"tombstone:grave_dust":2,"minecraft:string":1,"minecraft:dirt":7,"minecraft:rotten_flesh":1,"minecraft:stone_bricks":1,"minecraft:wheat_seeds":1,"minecraft:mossy_stone_bricks":1,"minecraft:iron_nugget":1,"minecraft:egg":1}},"DataVersion":2586}