{"stats":{"minecraft:dropped":{"born_in_chaos_v1:pieceofdarkmetal":1,"minecraft:dirt":1,"minecraft:acacia_sapling":1,"minecraft:sunflower":3},"minecraft:killed":{"minecraft:spider":1,"born_in_chaos_v1:baby_skkl":1,"born_in_chaos_v1:zombieswith_door_n":1},"minecraft:mined":{"minecraft:acacia_log":2,"minecraft:grass_block":60,"minecraft:tall_grass":5,"minecraft:spawner":1,"minecraft:hay_block":7,"minecraft:iron_ore":4,"minecraft:grass":9,"minecraft:coal_ore":5,"minecraft:oak_log":8,"minecraft:dirt":4,"tconstruct:sky_slime_dirt":5,"minecraft:stone":1,"tconstruct:earth_congealed_slime":4,"minecraft:oak_leaves":2,"tconstruct:sky_congealed_slime":6},"minecraft:used":{"minecraft:mossy_stone_bricks":1,"minecraft:iron_shovel":70,"minecraft:oak_planks":13,"minecraft:dirt":72,"minecraft:crafting_table":3,"minecraft:apple":3,"minecraft:bread":3,"minecraft:iron_pickaxe":17,"carryon:entity_item":4,"minecraft:stone_bricks":1,"minecraft:sweet_berries":8,"tombstone:gift":1,"minecraft:egg":1},"minecraft:killed_by":{"born_in_chaos_v1:restless_spirit":1,"minecraft:creeper":1,"born_in_chaos_v1:baby_skkl":1,"born_in_chaos_v1:dread_hound":1,"born_in_chaos_v1:zombieswith_door_n":1,"minecraft:vex":2},"minecraft:custom":{"minecraft:mob_kills":3,"minecraft:interact_with_crafting_table":5,"minecraft:open_barrel":14,"minecraft:play_one_minute":48110,"minecraft:damage_dealt_resisted":16,"minecraft:leave_game":2,"minecraft:time_since_death":3294,"minecraft:sleep_in_bed":2,"minecraft:climb_one_cm":981,"minecraft:time_since_rest":2711,"minecraft:sprint_one_cm":120807,"minecraft:damage_taken":3230,"minecraft:walk_one_cm":179422,"minecraft:drop":4,"minecraft:damage_dealt":336,"minecraft:fly_one_cm":163252,"minecraft:open_chest":14,"minecraft:crouch_one_cm":1138,"tombstone:undead_killed":2,"minecraft:deaths":8,"minecraft:sneak_time":486,"minecraft:walk_under_water_one_cm":251,"minecraft:jump":902,"minecraft:walk_on_water_one_cm":2389,"minecraft:fall_one_cm":26524},"minecraft:picked_up":{"minecraft:oak_log":8,"minecraft:string":1,"minecraft:dirt":73,"minecraft:stone_bricks":1,"minecraft:wheat_seeds":5,"minecraft:iron_ore":4,"minecraft:iron_nugget":1,"minecraft:mossy_stone_bricks":1,"minecraft:acacia_sapling":1,"minecraft:egg":1,"minecraft:stick":2,"born_in_chaos_v1:shattered_skull":1,"tconstruct:sky_slime_dirt":4,"iceandfire:rotten_egg":1,"tombstone:grave_dust":2,"minecraft:brown_carpet":1,"minecraft:rotten_flesh":1,"tconstruct:sky_slime_ball":20,"minecraft:arrow":2,"minecraft:slime_ball":16,"minecraft:hay_block":8,"minecraft:coal":6,"minecraft:cobblestone":1,"minecraft:sunflower":3},"minecraft:crafted":{"minecraft:oak_planks":32,"minecraft:crafting_table":3,"minecraft:iron_sword":1,"tconstruct:sky_slime_sling":1,"tconstruct:sky_congealed_slime":1,"minecraft:bread":25,"minecraft:stick":4,"minecraft:iron_shovel":1,"minecraft:torch":4,"minecraft:wheat":72}},"DataVersion":2586}