{"stats":{"minecraft:used":{"minecraft:egg":1},"minecraft:mined":{"minecraft:oak_log":2},"minecraft:killed_by":{"minecraft:creeper":1,"born_in_chaos_v1:restless_spirit":1},"minecraft:custom":{"minecraft:time_since_rest":1,"minecraft:play_one_minute":8039,"minecraft:walk_one_cm":11799,"minecraft:sprint_one_cm":16848,"minecraft:damage_taken":495,"minecraft:deaths":2,"minecraft:sneak_time":2,"minecraft:walk_under_water_one_cm":144,"minecraft:jump":144,"minecraft:damage_dealt":22,"minecraft:time_since_death":97,"minecraft:walk_on_water_one_cm":269,"minecraft:fall_one_cm":4714,"minecraft:fly_one_cm":33775},"minecraft:picked_up":{"minecraft:stone_bricks":1,"minecraft:oak_log":2,"iceandfire:rotten_egg":1,"minecraft:mossy_stone_bricks":1,"minecraft:dirt":5,"minecraft:egg":1},"minecraft:crafted":{"minecraft:oak_planks":8}},"DataVersion":2586}