{"stats":{"minecraft:killed":{"born_in_chaos_v1:baby_skkl":1,"minecraft:spider":1,"born_in_chaos_v1:zombieswith_door_n":1},"minecraft:used":{"minecraft:mossy_stone_bricks":1,"minecraft:apple":3,"minecraft:bread":1,"minecraft:iron_pickaxe":7,"carryon:entity_item":2,"minecraft:stone_bricks":1,"minecraft:dirt":6,"minecraft:crafting_table":1,"minecraft:sweet_berries":8,"tombstone:gift":1,"minecraft:egg":1},"minecraft:mined":{"minecraft:hay_block":7,"minecraft:grass":2,"minecraft:grass_block":1,"minecraft:oak_log":2,"minecraft:dirt":1,"minecraft:tall_grass":4,"minecraft:oak_leaves":1,"minecraft:spawner":1},"minecraft:killed_by":{"born_in_chaos_v1:baby_skkl":1,"born_in_chaos_v1:restless_spirit":1,"born_in_chaos_v1:dread_hound":1,"minecraft:creeper":1,"born_in_chaos_v1:zombieswith_door_n":1,"minecraft:vex":2},"minecraft:custom":{"minecraft:time_since_rest":741,"minecraft:damage_taken":2070,"minecraft:sprint_one_cm":100282,"minecraft:walk_one_cm":123167,"minecraft:mob_kills":3,"minecraft:damage_dealt":336,"minecraft:interact_with_crafting_table":1,"minecraft:fly_one_cm":132712,"minecraft:open_barrel":12,"minecraft:open_chest":10,"minecraft:play_one_minute":32039,"minecraft:crouch_one_cm":792,"tombstone:undead_killed":2,"minecraft:deaths":7,"minecraft:sneak_time":296,"minecraft:walk_under_water_one_cm":251,"minecraft:jump":573,"minecraft:damage_dealt_resisted":16,"minecraft:walk_on_water_one_cm":2315,"minecraft:time_since_death":15103,"minecraft:sleep_in_bed":1,"minecraft:climb_one_cm":512,"minecraft:fall_one_cm":11248},"minecraft:crafted":{"minecraft:oak_planks":8,"minecraft:crafting_table":1,"minecraft:bread":25,"minecraft:wheat":72},"minecraft:picked_up":{"born_in_chaos_v1:shattered_skull":1,"minecraft:oak_log":2,"iceandfire:rotten_egg":1,"tombstone:grave_dust":2,"minecraft:string":1,"minecraft:dirt":7,"minecraft:brown_carpet":1,"minecraft:rotten_flesh":1,"minecraft:stone_bricks":1,"minecraft:wheat_seeds":1,"minecraft:hay_block":8,"minecraft:mossy_stone_bricks":1,"minecraft:iron_nugget":1,"minecraft:egg":1}},"DataVersion":2586}